report_id,apt_group
15-2013-youonlyclicktwice.pdf,
19-2013-acalltoharm.pdf,
2013-9.pdf,
20180503_Burning_Umbrella.pdf,
20180713_CSE_APT28_X-Agent_Op-Roman Holiday-Report_v6_1.pdf,
20180723_CSE_APT27_Syria_v1.pdf,
20BICSE.pdf,
3ve_google_whiteops_whitepaper_final_nov_2018.pdf,
556_10535_798405_Annex87_CyberAttacks.pdf,Lazarus Group
<MWS_SAMPLE_DIR>\~$pcm1tg.doc,
A Slice of 2017 Sofacy Activity - Securelist.pdf,
A dive into Turla PowerShell usage.pdf,Turla (Snake / Venomous Bear)
A journey to Zebrocy land.pdf,
ANALYSIS-ON-APT-TO-BE-ATTACK-THAT-FOCUSING-ON-CHINAS-GOVERNMENT-AGENCY-.pdf,
APT10 Targeted Norwegian MSP and US Companies in Sustained Campaign.pdf,APT1 / Comment Crew
APT10 Targeting Japanese Corporations Using Updated TTPs.pdf,
APT37_Final1stspyReapingtheFreeMilk-Intezer.pdf,APT1 / Comment Crew
ASERT-Threat-Intelligence-Brief-2014-07-Illuminating-Etumbot-APT.pdf,
ATMitch_ New Evidence Spotted In The Wild.pdf,
Above+Us+Only+Stars.pdf,
Accenture-Hogfish-Threat-Analysis.pdf,
Accenture-Security-Dragonfish-Threat-Analysis.pdf,
AdversaryIntelligenceReport_DeepPanda_0 (1).pdf,
Agent.BTZ_to_ComRAT.pdf,
"Aggah Campaign_ Bit.ly, BlogSpot, and Pastebin Used for C2 in Large Scale Campaign.pdf",
Ahnlab_Targeted-Attack-on-Frances-TV5Monde(May-5-15).pdf,
Aided_Frame_Aided_Direction.pdf,
An-APT-Blueprint-Gaining-New-Visibility-into-Financial-Threats-interactive.pdf,
Analyzing Digital Quartermasters in Asia  Do Chinese and Indian APTs Have a Shared Supply Chain.pdf,
Anthem_hack_all_roads_lead_to_China.pdf,
Anunak_APT_against_financial_institutions.pdf,
Appendix-TheUrpageConnectiontoBahamutConfuciusandPatchwork.pdf,
ArborNetworks_Additional-Insights-Shamoon2(02-21-2017).pdf,
Arbor_The-Four-Element-Sword-Engagement(4-13-16).pdf,
Arbor_Uncovering-the-Seven-Pointed-Dagger(Jan-11-16).pdf,
Ashmore_Impact-of-Alleged-Russian-Cyber-Attacks(Jan-18-09).pdf,
Attacks against Israeli & Palestinian interests - Cyber security updates.pdf,
Aurora_Botnet_Command_Structure.pdf,
Aurora_HBGARY_DRAFT.pdf,
Avast tracks down Tempting Cedar Spyware.pdf,
BAESystems_Lazarus-FalseFlag-Malware(02-20-2017).pdf,Lazarus Group
BAESystems_Lazarus-Watering-hole-attacks(02-12-2017).pdf,Lazarus Group
BAESytems_Taiwan-Heist-Lazarus-Tools-Ransomware(10-16-2017).pdf,Lazarus Group
Backdoor.Winnti_Trojan.Skelky.pdf,
Badcyber_Polish-banks-hacked-information-stolen-unknown-attackers(02-03-2017).pdf,
Bitdefender-Business-2017-WhitePaper-PZCHAO-crea2452-en-EN-GenericUse.pdf,
Bitdefender-Whitepaper-APT-Mac-A4-en-EN-web(02-23-2017).pdf,
Bitdefender_Pacifier-APT(7-1-2016).pdf,
BlackEnergy2_Plugins_Router.pdf,
BlackTDS.pdf,
Bluecoat_FROM_SEOUL_TO_SONY(2-24-16).pdf,
Buckeye_ Espionage Outfit Used Equation Group Tools Prior to Shadow Brokers Leak.pdf,
ByeBye_Shell_target.pdf,
C5_APT_ADecadeInReview.pdf,
C5_APT_SKHack.pdf,
CN_OceanLotus_new_malware.pdf,
Carbanak_APT_eng.pdf, FIN7 / Carbanak
Chafer used Remexi malware to spy on Iran-based foreign diplomatic entities.pdf,
Chafer_ Latest Attacks Reveal Heightened Ambitions _ Symantec Blogs.pdf,
Checkpoint_rocket-kitten-report(Nov-9-2015).pdf,
ChessMaster Adds Updated Tools to Its Arsenal.pdf,
China_Peace_Palace.pdf,
Chinese_MITM_Google.pdf,
Chineses Actor APT target Ministry of Justice Vietnamese.pdf,
CitizenLab-Stealth_Falcon(05-29-2016).pdf,
CitizenLab_Mapping-FinFishers-Continuing-Proliferation(Oct-15-15).pdf,
Citizenlab_Campaign-Chinese-language-news-sites(07-05-2017).pdf,
Citizenlab_KeyBoy-targeting-Tibetan-Community(11-17-2016).pdf,
Citizenlab_NSO_iPhone_ZeroDays_UAE(08-24-2016).pdf,
Citizenlab_NilePhish-Large-Scale-Targeting-Egyptian(02-02-2017).pdf,
ClearSky_Operation-Electric-Powder-targeting-Israel-Electric-Company(03-14-2017).pdf,
Clearsky_Charming-Kitten-2017(12-05-2017).csv,
Clearsky_Charming_Kitten_2017(12-05-2017).pdf,
Clearsky_Iranian-OilRig-Delivers-Signed-Oxford(01-05-2017).pdf,
Clearsky_Operation-DustySky-indicators(Jan-7-2016).xlsx,
Clearsky_Operation-DustySky2(6-9-16).pdf,
Clearsky_Operation-DustySky2-indicators(6-9-16).xlsx,
Clearsky_Operation-DustySky_TLP_WHITE(Jan-7-2016).pdf,
Clearsky_Operation_Wilted_Tulip(07-25-2017).pdf,
Clearskysec_IranianThreatAgent-Greenbug(10-24-2017).pdf,
CloudAtlas_RedOctober_APT.pdf,
CmstarDownloader_Lurid_Enfal_Cousin.pdf,
Compromise_Greece_Beijing.pdf,
Confucius_Update.pdf,
CozyDuke.pdf,
Crouching_tiger_hidden_dragon.pdf,
CrowdStrike_BearsintheMidst_DNC(06-04-2016).pdf,
CrowdStrike_Flying_Kitten.pdf,
Crowdstrike_FancyBearTracksUkrainianArtillery(12-22-2016).pdf,
Crowdstrike_The French Connection(Feb-25-14).pdf,
Crypto-DarkComet-Report.pdf,
Cyber Heist Attribution_SWIFT.pdf,
Cyber Heist_SWIFT.pdf,
Cyber-Espionage Campaign Targeting the Naval Industry MartyMcFly.pdf,
CyberInt_Legit Remote Access Tools Turn Into Threat Actors' Tools_Report.pdf,
Cyberattack_against_Israeli_and_Palestinian_targets.pdf,
Cybereason_Large-Scale-APT-Asia(05-24-2017).pdf,
Cyberkov-Hunting-Libyan-Scorpions-EN(9-18-16).pdf,
Cylance SPEAR Team_ A Threat Actor Resurfaces.pdf,
Cylance_DeceptionProject-New-Japanese-Centric-Threat(02-27-2017).pdf,
Cylance_Op_Dust_Storm_Report(Feb-23-2016).pdf,
Cylance_Operation_Cleaver_Report.pdf,
Cymmetria_Unveiling-Patchwork(Jul-7-16)(1).pdf,
Cymmetria_Unveiling-Patchwork(Jul-7-16).pdf,
Cysinfo-Targeting-Indian-Navys-Submarine-Warship-Manufacturer(02-10-2017).pdf,
Cysinfo-Uri-KashmirProtest-Phishing-targeting-Indian-Embassies(01-19-2017).pdf,
Cysinfo_Attack-Impersonating-Indian-Think-Tank-Target-CBIpdf(05-11-2017).pdf,
Cysinfo_NIC-CyberSecurity-Themed-Spear-Phishing-Target-India(11-30-2016).pdf,
DEEP_PANDA_Sakula.pdf,
DMSniff_iocs_March2019.txt,
DNS Hijacking Abuses Trust In Core Internet Service.pdf,
DNSpionage Campaign Targets Middle East.pdf,
DTL-12012015-01.pdf,
DarkHydrus delivers new Trojan that can use Google Drive for C2 communications.pdf,
DarkPulsar.pdf,
Darkhotel in 2015.pdf,DarkHotel
Darwin_fav_APT_Group.pdf,
Defeating Compiler-Level Obfuscations Used in APT10 Malware.pdf,APT1 / Comment Crew
Democracy_HongKong_Under_Attack.pdf,
Derusbi_Server_Analysis-Final.pdf,
"Desktop, Mobile Phishing Campaign Targets South Korean Websites, Steals Credentials Via Watering Hole.pdf",
Dissecting-LinuxMoose.pdf,
Dissecting-the-Kraken.pdf,
Domestic Kitten An Iranian Surveillance Operation.pdf,
Donot Team in South Asia.pdf,
Double the Infection Double the Fun.pdf,
Dragonfly_Threat_Against_Western_Energy_Suppliers.pdf,
Dragos_Win32_Industroyer(06-12-2017).pdf,
Duke_cloud_Linux.pdf,
Duqu_Trojan_Questions_and_Answers.pdf,
E-ISAC_SANS_Ukraine_DUC_5.pdf,
EB-YetiJuly2014-Public.pdf,
EFF_OperationManul(08-03-2016).pdf,
ESET-LightNeuron.pdf,
ESET-LoJax.pdf,
ESET-Visiting_The_Bear_Den(6-21-2016).pdf,
ESET_BlackEnergy-by-the-SSHBearDoor(Jan-3-16).pdf,
ESET_CrashOverride-01(06-12-2017).pdf,
ESET_Dino_French.pdf,
ESET_Gazer(08-30-2017).pdf,
ESET_GreyEnergy.pdf,
ESET_OceanLotus.pdf,
ESET_Operation-Groundbait(5-17-16).pdf,
ESET_TeleBots-Supply-chain-attacks-against-Ukraine(06-30-2017).pdf,
ESET_Turla_Mosquito.pdf,Turla (Snake / Venomous Bear)
ESET_targeting-Central-and-EasternEurope(07-01-2016).pdf,
ETSO_APT_Attacks_Analysis.pdf,
El_Machete.pdf,
Elephantosis.pdf,
Elfin Relentless Espionage Group Targets Multiple Organizations in Saudi Arabia and US.pdf,
Emissary Panda Attacks Middle East Government Sharepoint Servers.pdf,
EpicTurla.pdf,Turla (Snake / Venomous Bear) 
Equation_group_questions_and_answers.pdf,
Eset-Turla-Outlook-Backdoor.pdf,Turla (Snake / Venomous Bear)
EvilBunny_Suspect4_v1.0.pdf,
Evolution_Drivers_Duqu_Stuxnet.pdf,
Executive_Summary-Final_1.pdf,
FASTCash How the Lazarus Group is Emptying Millions from ATMs.pdf,Lazarus Group
FBI-GovernmentSpearphishing.pdf,
FIN7.5_ the infamous cybercrime rig “FIN7” continues its activities.pdf,
FINTEAM Trojanized TeamViewer Against Government Targets.pdf,
FSOFACY.pdf,
FTA 1001 FINAL 1.15.14.pdf,
FTA 1007 - Shamoon.pdf,
FTA 1010 - njRAT The Saga Continues.pdf,
FTA 1011 Follow UP.pdf,
FTA 1012 STTEAM Final.pdf,
FTA_1013_RAT_in_a_jar.pdf,
FTA_1014_Bots_Machines_and_the_Matrix.pdf,
Faces_Ghost_RAT.pdf,
Fidelis_DNC-IntrusionMalware(06-20-2016).pdf,
Fidelis_FTA_1020_Fidelis_Inocnation_FINAL(Dec-16-15).pdf,
Fidelis_Turbo-Twist-Two-64-bit-Derusbi-Strains-Converge(May-2-16).pdf,
FireEye-FIN7-SpearPhishing-Targets-SEC-Filings(03-07-2017).pdf,
FireEye-Terminator_RAT.pdf,
FireEye_APT28-Center-of-Storm(01-11-2017).pdf,
FireEye_APT29-Domain-Fronting-With-TOR(03-27-2017).pdf,
FireEye_CVE-2017-8759-Used-Wild-Distribute-FINSPY(09-12-2017).pdf,
FireEye_Cyber-Espionage-Alive-Well-APT32(05-14-2017).pdf,
FireEye_IRONGATE_ICS(06-02-2016).pdf,
FireEye_IndianGovSpearPhish(06-03-2016).pdf,
FireEye_Operation-Beebus(Feb-1-13).pdf,
FireEye_Privileges-Credentials-Phished-Request-of-Counsel(06-06-2017).pdf,
FireEye_Targeted-Attacks-against-Banks-in-the-Middle-East(5-23-16).pdf,
FireEye_The-Mutter-Backdoor-Operation-Beebus-with-New-Targets(Apr-17-13).pdf,
Fireeye_ICS-Attack-Framework-TRITON(12-14-2017).pdf,
Fireeye_SpearPhishing-Targeting-Mongolian-Government(02-22-2017).pdf,
Forcepoint-MMCore-Fileless-Returns-BigBoss-SillyGoose(01-05-2017).pdf,
Forcepoint_Moonsoon(08-06-2016).pdf,
Forkmeiamfamous_SeaDuke.pdf,
Fritz_HOW-CHINA-WILL-USE-CYBER-WARFARE(Oct-01-08).pdf,
From-Bahrain-With-Love-FinFishers-Spy-Kit-Exposed.pdf,
Funky malware format found in Ocean Lotus sample.pdf,
GData_Uroburos_RedPaper_EN_v1.pdf,
Gallmaker New Attack Group Eschews Malware to Live off the Land.pdf,
Gaming-Industry.Asia.pdf,
Gaza Cybergang Group1 operation SneakyPastes.pdf,
Gholee_Protective_Edge_themed_spear_phishing_campaign.pdf,
GlitchPOS_New_Pos_Malwre_for_sale.pdf,
Goblin Panda changes the dropper and reuses the old infrastructure.pdf,
Goblin_Panda_against_Bears.pdf,
Goblin_Panda_targets_Cambodia.pdf,
Gold_Dragon_Olympics_IoC.txt,
GovCERTch_Report_Ruag_Espionage_Case(5-23-16).pdf,
Grabit.pdf,
GravityRAT.pdf,
Group72_Opening_ZxShell.pdf,
Group_72.pdf,
HDRoot(Securelist)_part1.pdf,
HDRoot(Securelist)_part2.pdf,
HPSR SecurityBriefing_Episode16_NorthKorea.pdf,
HTran_and_the_Advanced_Persistent_Threat.pdf,
HiddenWasp Malware Stings Targeted Linux Systems.pdf,
Hikit_Analysis-Final.pdf,
IBM_Full-Shamoon(02-15-2017).pdf,
ICS_Havex_backdoors.pdf,
IEXPL0RE_RAT.pdf,
In the Trails of WINDSHIFT APT.pdf,
"Inception Framework_ Alive and Well, and Hiding Behind Proxies _ Symantec Blogs.pdf",
Inception_APT_Analysis_Bluecoat.pdf,
India_Pak_Tranchulas.pdf,
Indicators_of_Compormise_Hellsing.pdf,
InfrastructureandSamplesofHamas'AndroidMalwareTargetingIsraeliSoldiers-ClearSkyCyberSecurity.pdf,
Inside_EquationDrug_Espionage_Platform.pdf,
Intezer_Evidence-Aurora-Supply-Chain-Attack-CCleaner-Part1(09-20-2017).pdf,
Intezer_Evidence-Aurora-Supply-Chain-Attack-CCleaner-Part2(10-02-2017).pdf,
Iran_Cyber_Final_Full_v2.pdf,
Iranian-Nation-State-APT-Leak-Analysis-and-Overview.pdf,
JPCERT_ChChes-CampC-Cookie-Headers(02-17-2017).pdf,
KL_Epic_Turla_Technical_Appendix_20140806.pdf,Turla (Snake / Venomous Bear)
KL_report_syrian_malware.md,
KL_report_syrian_malware.pdf,
Kaspersky-From-BlackEnergy-to-ExPetr(06-30-2017).pdf,
Kaspersky_BlackEnergy-APT-Attacks-in-Ukraine-employ-spearphishing-with-Word-documents(Jan-28-16).pdf,
Kaspersky_BlackOasis-APT-zero-day(10-16-2017).pdf,
Kaspersky_Breaking-Weakest-Link-IDF(02-16-2017).pdf,
Kaspersky_CVE-2015-2545_overview-of-current-threats(5-25-16).pdf,
Kaspersky_DroppingElephant(07-08-2016).pdf,
Kaspersky_Introducing-WhiteBear(08-30-2017).pdf,
Kaspersky_Lab_crouching_yeti_appendixes_eng_final.pdf,
Kaspersky_Lab_whitepaper_Regin_platform_eng.pdf,
Kaspersky_Lazarus-Under-The-Hood-PDF_final(04-03-2017).pdf,Lazarus Group
Kaspersky_Poseidon-Group(Feb-09-16).pdf,
Kaspersky_Report_Shamoon_StoneDrill_final(03-06-2017).pdf,
Kaspersky_ScarCruft-OpDaybreak(06-17-2016).pdf,
Kaspersky_StrongPity-Waterhole-Targeting-Italian-Belgian-Encryption-Users(10-03-2016).pdf,
Kaspersky_The-ProjectSauron-APT_research_KL(08-08-2016).pdf,
Kaspersky_Wave-your-false-flags(10-05-2016).pdf,
KeyBoy_Vietnam_India.pdf,
Kimsuky.pdf,
Korplug_Afghanistan_Tajikistan.pdf,
LAZARUS GROUP DIRECTED TO ORGANIZATIONS IN RUSSIA_google_translate.pdf,Lazarus Group
Lazarus_Campaign_Targeting_Cryptocurrencies.pdf,Lazarus Group
Lookout_Dark-Caracal_srr_20180118_us_v.1.0.pdf,
Lookout_ViperRAT-IDF(02-16-2017).pdf,
LuckyMouse.pdf,
MDM_India.pdf,
MSUpdaterTrojanWhitepaper.pdf,
MacOS_Backdoor_OceanLotus.pdf,
Malicious Document Targets Pyeongchang Olympics _ McAfee Blogs.pdf,
Malicious document targets Vietnamese officials.pdf,
Malware Used by Rocke Group Evolves to Evade Detection by Cloud Security Products.pdf,
Mandiant_APT1_Report.pdf,APT1 / Comment Crew
McAfee_APT28-Office-Malware-Doc-Citing-NYC-TerrorAttack(11-07-2017).pdf,
McAfee_Labs_Threat_Advisory_Exploit_Operation_Red_Oct.pdf,
Micro-Targeted-Malvertising-WP-10-27-14-1.pdf,
Microsoft_DUBNIUM(06-09-2016).pdf,
Microsoft_PLATINUM-evolve-find-ways-to-maintain-invisibility(06-07-2017).pdf,
Microsoft_RE-DUBNIUM-FlashExploit(06-20-2016).pdf,
Microsoft_Targeted-attacks-in-South-and-Southeast-Asia(Apr-26-16).pdf,
Minerva_Clearsky_CopyKittens(11-23-15).pdf,
MiniDionis_CozyCar_Seaduke.pdf,
MiniDuke_Paper_Final.pdf,
Miniduke_twitter.pdf,
Modified_Binaries_Tor.pdf,
MuddyC3.pdf,
MuddyWater-Operations-in-Lebanon-and-Oman.pdf,
MuddyWater_Middle_East_and_Central_Asia.pdf,
Musical Chairs Playing Tetris.pdf,
NAOUK_Investigation-WannaCry-cyber-attack-and-the-NHS(10-27-2017).pdf,
NCSC_Turla-Neuron-Nautilus-Snake-malware_1(11-22-2017).pdf,Turla (Snake / Venomous Bear)
NS-Unveiling-an-Indian-Cyberattack-Infrastructure_FINAL_Web.pdf,
NYTimes_Attackers_Evolve_Quickly.pdf,
NavRAT.pdf,
NetTraveler_Makeover_10th_Birthday.pdf,
Neuron IOC Pack.rtf,
New Network Vermin from OceanLotus.pdf,
New SLUB Backdoor Uses GitHub Communicates via Slack.pdf,
New_ComboJack_Steal_Cryptocurrency.pdf,
New_killdisk.pdf,
NormanShark-MaudiOperation.pdf,
Norman_HangOver report_Executive Summary_042513.pdf,
North_Korean_Defectors_and_Journalists_Targeted.pdf,
Novetta_Operation-Blockbuster-Report(Feb-24-2016).pdf,
OSX_SabPub.pdf,
OceanLotus-Steganography-Malware-Analysis-White-Paper.pdf,
OceanLotus.pdf,
OceanLotusReport.pdf,
OceanLotus_KerrDown.pdf,
OnionDuke_Tor.pdf,
Op_Clandestine_Fox.pdf,
Operation Black Atlas(TrendMicro)_part2.pdf,
Operation Black Atlas_Indicators_of_Compromise.pdf,
Operation RussianDoll.pdf,
Operation ShadowHammer.pdf,
Operation Tripoli .pdf,
Operation-Potao-Express_final_v2.pdf,
OperationCleaver_The_Notepad_Files.pdf,
OperationDoubleTap.pdf,
Operation_AppleJeus.pdf,
Operation_Black Atlas_Technical_Brief.pdf,
Operation_BlackLion_CN_Version.pdf,
Operation_CloudyOmega_Ichitaro.pdf,
Operation_Comando.pdf,
Operation_DeputyDog.pdf,
Operation_EphemeralHydra.pdf,
Operation_GreedyWonk.pdf,
Operation_Honeybee.pdf,
Operation_Kitty_Phishing.pdf,
Operation_Molerats.pdf,
Operation_Pistacchietto.pdf,
Operation_Poisoned_Handover.pdf,
Operation_Sheep.pdf,
Operation_SnowMan.pdf,
OrcaRAT.pdf,
P2P_PlugX_Analysis.pdf,
PAN_Nitro.pdf,
PEST-CONTROL.pdf,
PWC_ELISE-Security-Through-Obesity(Dec-23-15).pdf,
PWC_KeyBoys-are-back-in-town(11-02-2017).pdf,
PWC_Taiwan-Presidential-Election-A-Case-Study-on-Thematic-Targeting(Mar-17-2016).pdf,
PWC_cloud-hopper-report-final-v4(04-03-2017).pdf,
Palebot_Palestinian_credentials.pdf,
PaloAlgo-DragonOK-Updates-Tools-Targets-Multiple-Regions(01-05-2017).pdf,
PaloAlto_A-Look-Into-Fysbis-Sofacys-Linux-Backdoor(Feb-12-16).pdf,
PaloAlto_Attack-on-French-Diplomat-Linked-to-Operation-Lotus-Blossom(Feb-08-16).pdf,
PaloAlto_BBSRAT-Attacks-Targeting-Russian-Organizations-Linked-to-Roaming-Tiger(Dec-22-15).pdf,
PaloAlto_Dimnie-Hiding-Plain-Sight(03-28-2017).pdf,
PaloAlto_Emissary-Trojan-Changelog-Did-Operation-Lotus-Blossom-Cause-It-to-Evolve(Feb-03-16).pdf,
PaloAlto_Gamaredon-Toolset-Evolution(02-27-2017).pdf,
PaloAlto_Houdinis-Magic-Reappearance(10-25-2016).pdf,
PaloAlto_MagicHound-Campaign-Attacks-SaudiTargets(02-15-2017).pdf,
PaloAlto_New- Wekby-Attacks-Use- DNS-Requests- As- Command-and- Control- Mechanism(5-24-16).pdf,
PaloAlto_OilRig-Deploys-ALMA-DNS-Tunneling-Trojan(11-08-2017).pdf,
PaloAlto_PrinceofPersiaGameOver(06-28-2016).pdf,
PaloAlto_PrinceofPersiaInfyMalware(05-02-2016).pdf,
PaloAlto_Scarlet-Mimic(Jan-24-16).pdf,
PaloAlto_SofacyUSGov(06-14-2016).pdf,
PaloAlto_Sofacys_Komplex_OSXTrojan(09-26-2016).pdf,
PaloAlto_T9000-Advanced-Modular-Backdoor-Uses-Complex-Anti-Analysis-Techniques(Feb-04-16).pdf,
PaloAlto_The-Blockbuster-Sequel(04-07-2017).pdf,
PaloAlto_Threat-Actors-Target-Government-Belarus-Using-CMSTAR-Trojan(09-28-2017).pdf,
PaloAlto_Tracking-Subaat-Phishing-Leads-Threat-Actors-Repository(10-27-2017).pdf,
PaloAlto_TrackingElirksJapanSimilaritiesPreviousAttacks(06-23-2016).pdf,
PaloAlto_ke3chang_tidepool(5-23-2016).pdf,
Panda Banker Zeros.pdf,
Pawn_Storm_Update_2018.Jan.pdf,
Pitty_Tiger_Final_Report.pdf,
Plugx_Smoaler.pdf,
Poking the Bear Three-Year Campaign Targets Russian Critical Infrastructure.pdf,
PoriewSpy.India.pdf,
PowerShell-based Backdoor Found in Turkey Strikingly Similar to MuddyWater Tools.pdf,
Project TajMahal.pdf,
Project_Cobra_Analysis.pdf,
Proofpoint_APT-Targets-Financial-Analysts-CVE-2017-0199(04-27-2017).pdf,
Proofpoint_operation-transparent-tribe-threat-insight-en(Mar-01-16).pdf,
PwC_Exploring_CVE-2015-2545(05-06-2016).pdf,
RAP002_APT1_Technical_backstage.1.0.pdf,APT1 / Comment Crew
RSA-IR-Case-Study(Apr-8-15).pdf,
RSA_Peering-Into-GlassRAT-final(Nov-23-15).pdf,
RSA_Russian-Bank-Offices-Phishing-Wave(08-18-2017).pdf,
RSA_the-carbanak-fin7-syndicate(11-22-2017).pdf,FIN7 / Carbanak
RSA_the-shadows-of-ghosts-carbanak-report(11-30-2017).pdf,FIN7 / Carbanak
RecordedFuture_Chinese-Ministry-State-APT3(05-17-2017).pdf,
RecordedFuture_North-Korea-Is-Not-Crazy(06-15-2017).pdf,
Red_Eyes_Hacking_Group_Report.pdf,
Regin_Hopscotch_Legspin.pdf,
Regis_The_Intercept.pdf,
Reuters_Turla.pdf,Turla (Snake / Venomous Bear)
RiskIQ_htpRAT-Malware-Attacks(10-26-2017).pdf,
Russian-language actor exploits hype over Telegram ban in Central Asia.pdf,
Russian_Government_Cyber_Activity.pdf,
Safe-a-targeted-threat.pdf,
Sandworm_briefing2.pdf,
SatelliteTurla(Securelist).pdf,Turla (Snake / Venomous Bear)
"ScarCruft continues to evolve, introduces Bluetooth harvester _ Securelist.pdf",
Scarab_Russian.pdf,
Secrets_of_the_Comfoo_Masters.pdf,
SectorB06 using Mongolian language in lure document.pdf,
Securelist_RedOctober.pdf,
Secureworks_Iranian-PupyRAT-Middle-Eastern-Organizations(02-15-2017).pdf,
Secureworks_TG-4127Clinton(06-16-2016).pdf,
Skeleton_Key_Analysis.pdf,
Skygofree_appendix_eng.pdf,
Sofacy Attacks Multiple Government Entities.pdf,
StealthFalcon(CitizenLab).pdf,
StealthFalcon(CitizenLab)_Appendix.pdf,
Supply Chain – The Major Target of Cyberespionage Groups.pdf,
Surtr_Malware_Tibetan.pdf,
Symantec_Buckeye_HongKong(09-06-2016).pdf,
Symantec_Dragonfly-Western-energy-sector-targeted(09-06-2017).pdf,
Symantec_Indian-organizations-targeted-in-Suckfly-attacks(5-17-16).pdf,
Symantec_Iran-based-attackers-use-back-door-threats-to-spy-on-Middle-Eastern-targets(Dec-7-2015).pdf,
Symantec_Suckfly-Revealing-the secret-life-of-your-code-signing-certificates(Mar-15-16).pdf,
Syrian_Malware_Team_BlackWorm.pdf,
TA14-353A_wiper.pdf,
TA505 is Expanding its Operations.pdf,
Talos Blog __ Cisco Talos Intelligence Group - Comprehensive Threat Intelligence_ 10 years of virtual dynamite_ A high-level retrospective of ATM malware.pdf,
Targeted-Attacks-against-Tibetan-and-Hong-Kong-Groups-Exploiting-CVE-2014-4114.pdf,
Targeted_Attacks_Lense_NGO.pdf,
Targeting_Syrian_ISIS_Critics.pdf,
Terracotta-VPN-Report-Final-8-3.pdf,
Thamar-Reservoir.pdf,
The Arsenal Behind the Australian Parliament Hack.pdf,
The Chronicles of the Hellsing APT_ the Empire Strikes Back - Securelist.pdf,
The CozyDuke APT - Securelist.pdf,
The Gorgon Group Slithering Between Nation State and Cybercrime.pdf,
The Muddy Waters of APT Attacks.pdf,
The Naikon APT - Securelist.pdf,Naikon (APT30-adjacent / PLA-linked)
The Return of The Charming Kitten.pdf,
The-Desert-Falcons-targeted-attacks.pdf,
The-Slingshot-APT_report_ENG_final.pdf,
TheCitizenLab_Between-Hong-Kong-and-Burma_Tracking-UP007-and-SLServer-Espionage-Campaigns(4-18-16).pdf,
TheCitizenLab_Shifting-Tactics-Tracking-changes-in-years-long-espionage-campaign-against-Tibetans(Mar-10-16).pdf,FIN7 / Carbanak
TheNaikonAPT-MsnMM2.pdf,Naikon (APT30-adjacent / PLA-linked)
The_Madi_Infostealers.pdf,
The_Mirage_Campaign.pdf,
The_Monju_Incident.pdf,
The_Mystery_of_Duqu_2_0_a_sophisticated_cyberespionage_actor_returns.pdf,
The_Siesta_Campaign.pdf,
The_Sin_Digoo_Affair.pdf,APT1 / Comment Crew
The_Uroburos_case.pdf,
The_destruction_of_APT3.pdf,
Threat Actor Group using UAC Bypass Module to run BAT File.pdf,
Threat Group Cards.pdf,
ThreatConnect_Belling_the_BEAR(09-28-2016).pdf,
ThreatConnect_KASPERAGENT-Campaign-resurfaces-May-Election(06-14-2017).pdf,
ThreatConnect_Operation_Arachnophobia_Report.pdf,
Tibet_Lurk.pdf,
Tibetan-Uprising-Day-Malware-Attacks_websitepdf.pdf,
Tracking Tick Through Recent Campaigns Targeting East Asia.pdf,
TrendMicro_BLACKGEAR-Espionage-Campaign(10-27-2016).pdf,
TrendMicro_ChessMasters-New-Strategy-Evolving-Tools-Tactics(11-06-2017).pdf,
TrendMicro_NetherlandsCyberAttack_Appendix(04-21-2016).pdf,
TrendMicro_Operation-C-Major_blog(5-18-16).pdf,
Trojan.APT.BaneChant.pdf,
Trojan.APT.Seinup.pdf,
Tropic Trooper’s New Strategy.pdf,
Tropic_Trooper_microsoft.pdf,
Trustwave_Carbanak _Anunak_Attack_Methodology(11-14-2016).pdf,FIN7 / Carbanak
Turla_2_Penquin.pdf,Turla (Snake / Venomous Bear)
Two Birds One STONE PANDA.pdf,
"URSNIF, EMOTET, DRIDEX and BitPaymer Gangs Linked by a Similar Loader.pdf",
US-13-Yarochkin-In-Depth-Analysis-of-Escalated-APT-Attacks-Slides.pdf,
US-CERT-AR-17-20045_Enhanced_Analysis_of_GRIZZLY_STEPPE_Activity(02-10-2017).pdf,
USCERT_GRIZZLY STEPPE(12-29-2016).pdf,
UnFIN4ished_Business_pwd.pdf,
Uncovering New Activity By APT10.pdf,APT1 / Comment Crew
Unveiling an Indian Cyberattack Infrastructure - appendixes.pdf,
VERMIN_ Quasar RAT and Custom Malware Used In Ukraine.pdf,
VOHO_WP_FINAL_READY-FOR-Publication-09242012_AC.pdf,
VPNFilter.pdf,
VectraNetworks_Moonlight-Targeted-attacks-MiddleEast(10-26-2016).pdf,
Vinself_steganography.pdf,
Volexity_OceanLotus-Mass-Digital-Surveillance-Targeting-ASEAN-Media(11-06-2017).pdf,
Volexity_Powerduke-Widespread-PostElection-Spear-Phish(11-09-2016).pdf,
Waterbug_ Espionage Group Rolls Out Brand-New Toolset in Attacks Against Governments.pdf,
WateringHole_Aerospace_CVE-2015-5122_IsSpace.pdf,
"WhitePaper HBGary Threat Report, Operation Aurora.pdf",
Whitefly_ Espionage Group has Singapore in Its Sights.pdf,
WickedRose_andNCPH.pdf,
WildNeutron_Economic_espionage.pdf,
Winnti_ More than just Windows and Gates.pdf,
Wiper_MSS_Threat_Report.pdf,
Wiper_Malware.pdf,
XSLCmd_OSX.pdf,
XtremeRAT_fireeye.pdf,
Zebrocy Multilanguage Malware Salad.pdf,
ZooPark_for_public_final_edit.pdf,
ZoxPNG_Full_Analysis-Final.pdf,
[AhnLab]Andariel_a_Subgroup_of_Lazarus (3).pdf,
[Report]Andariel_Threat_Group.pdf,
another-potential-muddywater-campaign-uses-powershell-based-prb-backdoor.pdf,
apt-attack-middle-east-big-bang.pdf,
apt-c-36-continuous-attacks-targeting-colombian-government-institutions-and-corporations-en.pdf,
apt28.pdf,
apt29-hammertoss-stealthy-tactics-define-a.pdf,
apt32-continues-asean-targeting.pdf,
bcs_wp_InceptionReport_EN_v12914.pdf,
bisonal-malware-used-attacks-russia-south-korea.pdf,
blackenergy_whitepaper.pdf,
blog.trendmicro.com-Lazarus Continues Heists Mounts Attacks on Financial Organizations in Latin America.pdf,Lazarus Group
blogs_360_cn_blog_cve-2018-8174-en_.pdf,
butterfly-corporate-spies-out-for-financial-gain.pdf,
c:\<USER_DIR>\appdata\local\temp\news.doc,
c:\<USER_DIR>\appdata\local\temp\spy.doc,
c:\temp\internet\dahl.doc,
certificates-stolen-taiwanese-tech.pdf,
circl-analysisreport-miniduke-stage3-public.pdf,
circl-tr25-analysis-turla-pfinet-snake-uroburos.pdf,Turla (Snake / Venomous Bear)
comment_crew_indicators_of_compromise.pdf,
cosmicduke_whitepaper.pdf,
crowdstrike-intelligence-report-putter-panda.original.pdf,
cta-2018-0509.pdf,
cta-2018-0816.pdf,
cta-2018-1113.pdf,
cto-tib-20150223-01a.pdf,
cto-tib-20150420-01a.pdf,
darkhotel_kl_07.11.pdf,DarkHotel
darkhotelappendixindicators_kl.pdf,DarkHotel
datasheet_jaku_technical_appendix_en.pdf,
deciphering-confucius.pdf,
details.doc,
dissecting-operation-troy.pdf,
dukes_whitepaper.pdf,
duqu2_crysys.pdf,
energetic-bear-crouching.pdf,
eset-sednit-part1(10-20-2016).pdf,
eset-sednit-part2(10-25-2016).pdf,
eset-sednit-part3(10-27-2016).pdf,
fireeye-operation-ke3chang.pdf,
fireeye-operation-quantum-entanglement.pdf,
fireeye-operation-saffron-rose.pdf,
fireeye-poison-ivy-report.pdf,
fireeye-sidewinder-targeted-attack.pdf,
ghostnet.pdf,APT1 / Comment Crew
hidden-cobra-targets-turkish-financial-sector-new-bankshot-implant.pdf,
hidden_lynx.pdf,
how_can_u_tell_Aurora.pdf,
hussarini---targeted-cyber-attack-in-the-philippines.pdf,
icefog.pdf,
in-depth_analysis_of_hydraq_final_231538.pdf,
iron-cybercrime-group-under-the-scope-2.pdf,
kaspersky-lab-gauss.pdf,
kaspersky-the-net-traveler-part1-final.pdf,
kingslayer-a-supply-chain-attack(02-03-2017).pdf,
korea-in-crosshairs.html.pdf,
korea_power_plant_wiper.pdf,
malicious-document-targets-vietnamese-officials.pdf,
masha-and-these-bears.pdf,
metamorfo-campaign-targeting-brazilian-users_html.pdf,
miniduke_indicators_public.pdf,
miragefox-apt15-resurfaces-with-new-tools-based-on-old-ones.pdf,APT1 / Comment Crew
nccgroup.trust-Decoding network data from a Gh0st RAT variant.pdf,
new-andariel-reconnaissance-tactics-hint-at-next-targets.pdf,
not-so-cozy-an-uncomfortable-examination-of-a-suspected-apt29-phishing-campaign.pdf,
oil-tanker-en.pdf,
oilrig-targets-middle-eastern-government-adds-evasion-techniques-oopsie.pdf,
olympic-destroyer.pdf,
olympicdestroyer.pdf,
operation-arid-viper-whitepaper-en.pdf,
operation-ghostsecret.pdf,
operation-poisoned-helmand.pdf,
operation-prowli-traffic-manipulation-cryptocurrency-mining.pdf,
orangeworm-targets-healthcare-us-europe-asia.pdf,
patchwork-apt-group-targets-us-think-tanks.pdf,
patchwork-continues-deliver-badnews.pdf,
putter-panda.pdf,
pwc_ScanBox_framework.pdf,
rancor-targeted-attacks-south-east-asia-using-plaintee-ddkong-malware-families_.pdf,
regin-analysis.pdf,
report_jaku_analysis_of_botnet_campaign_en_0.pdf,
roaming_tiger_zeronights_2014.pdf,
rp-operation-oceansalt.pdf,
rp-operation-sharpshooter.pdf,
rpt-apt30.pdf,
rpt-apt38-2018-web_v4.pdf,
rpt-behind-the-syria-conflict.pdf,
rpt-fin4.pdf,
rpt_APT37.pdf,
scattered-canary.pdf,
sec14-paper-hardy.pdf,
sec14-paper-marczak.pdf,
sednit-update-analysis-zebrocy_.pdf,
shadows-in-the-cloud.pdf,
shady_rat_vanity.pdf,
skywiper.pdf,
snake_whitepaper.pdf,
sofacy-groups-parallel-attacks.pdf,
sophos-rotten-tomato-campaign.pdf,
supply-chain-attack-operation-red-signature-targets-south-korean-organizations.pdf,
tactical-intelligence-bulletin---sofacy-phishing-.pdf,
taidoor_analysis_jp.pdf,APT12 (Numbered Panda)
targeted-attacks-in-middle-east_VBS_CAMPAIGN_IOCS.txt,
targeted_attacks_against_the_energy_sector.pdf,
tb_advanced_persistent_threats.pdf,
tech-brief-tildeb-analyzing-the-18-year-old-implant-from-the-shadow-brokers-leak.pdf,
th3bug_Watering_Hole_PoisonIvy.pdf,
the-black-vine-cyberespionage-group.pdf,
the-elderwood-project.pdf,
the_nitro_attacks.pdf,
themysteryofthepdf0-dayassemblermicrobackdoor.pdf,
theteamspystory_final_t2.pdf,
totally-tubular-treatise-on-triton-and-tristation.pdf,
tr-12-circl-plugx-analysis-v1.pdf,
tr1adx-Bear-Spotting-Vol1(01-15-2017).pdf,
tr1adx_Digital-Plagarist-Carbanak(01-01-2017).pdf,
tr1adx_Dope-Story-Bears(01-14-2017).pdf,
turla-mosquito-shift-towards-generic-tools.pdf,Turla (Snake / Venomous Bear)
ukatemicrysys_territorialdispute.pdf,
unit42-comnie-continues-target-organizations-east-asia.pdf,
unit42-oilrig-uses-rgdoor-iis-backdoor-targets-middle-east.pdf,
unit42-operation-lotus-blossom.pdf,
unit42-the-tophat-campaign-attacks-within-the-middle-east-region-using-popular-third-party-services.pdf,
unveilingthemask_v1.0.pdf,
volatile-cedar-technical-report.pdf,
vpnfilter-update.pdf,
w32_duqu_the_precursor_to_the_next_stuxnet.pdf,
w32_flamer_newsforyou.pdf,
w32_regin_stage_1.pdf,
w32_stuxnet_dossier.pdf,
w64_regin_stage_1.pdf,
waterbug-attack-group.pdf,
winnti-more-than-just-a-game-130410.pdf,
winnti_pharmaceutical.pdf,
wp-fakem-rat.pdf,
wp-global-energy-cyberattacks-night-dragon.pdf,
wp-operation-pawn-storm.pdf,
wp-operation-tropic-trooper.pdf,
wp_dissecting-lurid-apt.pdf,
wp_ixeshe.pdf,APT12 (Numbered Panda)
wp_luckycat_redux.pdf,APT17 / Luckycat cluster (PRC-linked)
wp_the-heartbeat-apt-campaign.pdf,APT37 / Kimsuky / Reaper
